{"fairness_name": "Beta", "dataset_name": "synthetic", "num_epochs": 350, "learning_rate": 1e-05, "CUSTOM_MAX": "MEAN", "fairness_weight": 0.30170881682725814, "train_loss": 0.36627477407455444, "alpha_train_loss": 0.009843981824815273, "nd_train_loss": 0.005259226076304913, "test_loss": 0.36359354853630066, "alpha_test_loss": 0.015305982902646065, "nd_test_loss": 0.006845691241323948}