{"fairness_name": "Beta", "dataset_name": "synthetic", "num_epochs": 350, "learning_rate": 1e-05, "CUSTOM_MAX": "MEAN", "fairness_weight": 0.19397814462240573, "train_loss": 0.36466601490974426, "alpha_train_loss": 0.010681364685297012, "nd_train_loss": 0.005656147375702858, "test_loss": 0.35956522822380066, "alpha_test_loss": 0.0157865472137928, "nd_test_loss": 0.007092597894370556}