{"fairness_name": "Beta", "dataset_name": "synthetic", "num_epochs": 350, "learning_rate": 1e-05, "CUSTOM_MAX": "MEAN", "fairness_weight": 0.37627520591150954, "train_loss": 0.3663354218006134, "alpha_train_loss": 0.010248858481645584, "nd_train_loss": 0.005451141856610775, "test_loss": 0.3609878718852997, "alpha_test_loss": 0.015633855015039444, "nd_test_loss": 0.007044309750199318}