{"fairness_name": "Beta", "dataset_name": "synthetic", "num_epochs": 350, "learning_rate": 1e-05, "CUSTOM_MAX": "MEAN", "fairness_weight": 0.12471468678588335, "train_loss": 0.3655965030193329, "alpha_train_loss": 0.010390784591436386, "nd_train_loss": 0.0055482275784015656, "test_loss": 0.36164093017578125, "alpha_test_loss": 0.015694081783294678, "nd_test_loss": 0.007087101228535175}