{"fairness_name": "Beta", "dataset_name": "synthetic", "num_epochs": 350, "learning_rate": 1e-05, "CUSTOM_MAX": "MEAN", "fairness_weight": 0.2419192354989012, "train_loss": 0.3656226098537445, "alpha_train_loss": 0.010392282158136368, "nd_train_loss": 0.005523255094885826, "test_loss": 0.36391374468803406, "alpha_test_loss": 0.015702959150075912, "nd_test_loss": 0.007128176279366016}