{"fairness_name": "Beta", "dataset_name": "synthetic", "num_epochs": 350, "learning_rate": 1e-05, "CUSTOM_MAX": "MEAN", "fairness_weight": 0.15553753100100992, "train_loss": 0.3656238913536072, "alpha_train_loss": 0.011500570923089981, "nd_train_loss": 0.005900398828089237, "test_loss": 0.3593809902667999, "alpha_test_loss": 0.015813259407877922, "nd_test_loss": 0.007315154653042555}